title,url,original_price,discounted_price
Stainless Steel Mini EDC Multifunction Screwdriver Key Shape Slotted Screwdriver S-561039,https://www.tinydeal.com/stainless-steel-mini-edc-multifunction-screwdriver-key-shape-slotted-screwdriver-p-178668.html,$1.90 ,$1.84
64GB USB 2.0 Flash Drive USB Pen Drive U Disk EFM-561923,https://www.tinydeal.com/64gb-usb-20-flash-drive-usb-pen-drive-u-disk-p-178875.html,$18.59 ,$6.51
Universal Micro-USB OTG TF/SD Card Reader for Smartphone Tablet PC ECACR-483880,https://www.tinydeal.com/universal-micro-usb-otg-tfsd-card-reader-for-smartphone-tablet-pc-p-156504.html,$2.52 ,$1.16
2.4GHz 1600dpi Wireless Optical Mouse Mice CMS-11833-C3,https://www.tinydeal.com/24ghz-1600dpi-wireless-optical-mouse-mice-p-168444.html,$6.72 ,$3.50
H96 MAX RK3318 4GB RAM 64GB ROM 5G WIFI bluetooth 4.0 Android 9.0 4K TV Box E-571219,https://www.tinydeal.com/h96-max-rk3318-4gb-ram-64gb-rom-5g-wifi-bluetooth-40-android-90-4k-tv-box-p-182191.html,$96.60 ,$51.19
SJ4000 480P Camera 1.3MP 30M Waterproof Sports Action Camera DV CAR DVR EVATH-559397,https://www.tinydeal.com/sj4000-480p-camera-13mp-30m-waterproof-sports-action-camera-dv-car-dvr-p-178374.html,$14.84 ,$14.46
Portable USB Copy Board Ultrathin A4 LED Light Box Artcraft Tracing Light Pad HHI-557615,https://www.tinydeal.com/portable-usb-copy-board-ultrathin-a4-led-light-box-artcraft-tracing-light-pad-p-179183.html,$18.45 ,$12.17
"3 Wire 0.56"" DC4.5V-30V LED Panel Digital Display Voltage Meter Voltmeter EDT-548106",https://www.tinydeal.com/3-wire-056-dc45v-30v-led-panel-digital-display-voltage-meter-voltmeter-p-174795.html,,
ABS Plastic Case for Raspberry Pi 3 Model B & Raspberry Pi 2 E-524988,https://www.tinydeal.com/abs-plastic-case-for-raspberry-pi-3-model-b-raspberry-pi-2-p-163950.html,$2.55 ,$2.38
4pc Double Side Damaged Screw Extractor Drill Bit Guide Removal Broken Bolt Stud HHI-557658,https://www.tinydeal.com/4pc-double-side-damaged-screw-extractor-drill-bit-guide-removal-broken-bolt-stud-p-177582.html,$3.56 ,$3.00
H96 Mini H6 4GB+128GB Android 9.0 TV Box Allwinner H6 Quad Core 6K H.265 Wifi HD E-574029,https://www.tinydeal.com/h96-mini-h6-4gb128gb-android-90-tv-box-allwinner-h6-quad-core-6k-h265-wifi-hd-p-182808.html,$97.82 ,$61.15
New DP to HDMI Adapter 4K Ultra HD 3D Gold Plated DisplayPort to HDMI Converter EDT-559325,https://www.tinydeal.com/new-dp-to-hdmi-adapter-4k-ultra-hd-3d-gold-plated-displayport-to-hdmi-converter-p-179315.html,$6.10 ,$4.70
Multifunction USB 2.0 M2/ TF Card Reader w/ Lanyard CCR-85173,https://www.tinydeal.com/multifunction-usb-20-m2-tf-card-reader-w-lanyard-p-57252.html,$1.65 ,$1.54
8 in 1 QC2.0 3.0 USB Digital Power Meter EDT-563594,https://www.tinydeal.com/8-in-1-qc20-30-usb-digital-power-meter-p-180249.html,,
3-Port Micro USB Hub Spliter to 1 OTG Host Adapter Connector Cable ECACR-488935,https://www.tinydeal.com/3-port-micro-usb-hub-spliter-to-1-otg-host-adapter-connector-cable-p-156811.html,$2.49 ,$2.35
Android Robot Shaped Micro USB to USB 2.0 Host OTG Adapter ECACR-487310,https://www.tinydeal.com/android-robot-shaped-micro-usb-to-usb-20-host-otg-adapter-p-157418.html,$2.67 ,$0.95
3110A 1020mm Portable Professional Tripod Head for Camera VTP-189797,https://www.tinydeal.com/3110a-1020mm-portable-professional-tripod-head-for-camera-p-92921.html,$21.77 ,$19.77
T29 Bluetooth 3.0 Wireless Vertical Mouse Ergonomic Optical Mouse 6 Buttons RTH-573701,https://www.tinydeal.com/t29-bluetooth-30-wireless-vertical-mouse-ergonomic-optical-mouse-6-buttons-p-182826.html,$12.23 ,$11.20
HDMI to VGA 1080P HDMI Male to VGA Female Cable Video Adapter Converter EDT-548193,https://www.tinydeal.com/hdmi-to-vga-1080p-hdmi-male-to-vga-female-cable-video-adapter-converter-p-174311.html,$7.59 ,$6.46
TRONFY GM60 LCD Projector HD 1000LM 1080P with VGA USB AV SD OPJ-405746,https://www.tinydeal.com/tronfy-gm60-lcd-projector-hd-1000lm-1080p-with-vga-usb-av-sd-p-151997.html,$87.80 ,$78.42
110 in 1 Screwdriver Set Mini Electric Precision Screwdriver Multi Computer PC RTH-567700,https://www.tinydeal.com/110-in-1-screwdriver-set-mini-electric-precision-screwdriver-multi-computer-pc-p-181489.html,,
DIY BL85-55 3V 180mA Solar Battery Panel - Black + Blue + Green EDC-311522,https://www.tinydeal.com/diy-bl85-55-3v-180ma-solar-battery-panel-black-blue-green-p-129072.html,$5.15 ,$2.25
2.4GHz Wireless 1200 DPI Optical Mouse Mice w/ USB 2.0 Receiver ECAMS-394207,https://www.tinydeal.com/24ghz-wireless-1200-dpi-optical-mouse-mice-w-usb-20-receiver-p-149611.html,$6.48 ,$3.54
5V 1.2W Portable USB LED Light Bendable Mini Lamp RTH-431354,https://www.tinydeal.com/5v-12w-portable-usb-led-light-bendable-mini-lamp-p-154707.html,$6.17 ,$1.26
TH05 Thermometer Temperature Humidity Module for Home Use EDT-354124,https://www.tinydeal.com/th05-thermometer-temperature-humidity-module-for-home-use-p-140200.html,$5.32 ,$3.27
EP-AC1661 Dual Band USB WiFi Bluetooth Adapter ECA-562954,https://www.tinydeal.com/ep-ac1661-dual-band-usb-wifi-bluetooth-adapter-p-180893.html,$18.60 ,$11.33
16GB Ice Cream Design USB 2.0 Flash Drive USB Pen Drive U Disk EUD-465157,https://www.tinydeal.com/16gb-ice-cream-design-usb-20-flash-drive-usb-pen-drive-u-disk-p-155918.html,$5.18 ,$4.67
Portable Anti-Slip Laptop Heat Reduction Cooling Stand Foot Cup E-524493,https://www.tinydeal.com/portable-anti-slip-laptop-heat-reduction-cooling-stand-foot-cup-p-163655.html,$4.76 ,$1.84
Mini Camera SQ11 Night Vision FOV140 1080P DV Video Recorder EVC-558775,https://www.tinydeal.com/mini-camera-sq11-night-vision-fov140-1080p-dv-video-recorder-p-179706.html,$16.30 ,$8.58
Wireless PS4 Controller Manette PS4 controller Wireless Gamepad EVG-553236,https://www.tinydeal.com/wireless-ps4-controller-manette-ps4-controller-wireless-gamepad-p-176385.html,,
POFAN F05 TF Card Reader Micro-SD Card Adapter Type-C Port EPA-530301,https://www.tinydeal.com/pofan-f05-tf-card-reader-micro-sd-card-adapter-type-port-p-165940.html,$3.06 ,$2.66
USB Webcam Desktop Laptop Camera w/ Built-in Mic f Video Calling and Recording ETA-543260,https://www.tinydeal.com/usb-webcam-desktop-laptop-camera-w-built-in-mic-f-video-calling-and-recording-p-172813.html,$10.47 ,$9.84
DisplayPort DP Male to HDMI Female Converter Adapter Plug Connector Adaptor Plug EDT-557487,https://www.tinydeal.com/displayport-dp-male-to-hdmi-female-converter-adapter-plug-connector-adaptor-plug-p-180054.html,,
V1 Mini Panorama HD Action Camera 220 Degrees FOV 4K 30fps EVC-522449,https://www.tinydeal.com/v1-mini-panorama-hd-action-camera-220-degrees-fov-4k-30fps-p-162761.html,$77.92 ,$77.21
Personal Portable Photography Studio LED Light Room Light Weight EVA-538137,https://www.tinydeal.com/personal-portable-photography-studio-led-light-room-light-weight-p-170497.html,$14.90 ,$10.05
Flexible Silicone USB 84-Key Keyboard EDT-560335,https://www.tinydeal.com/flexible-silicone-usb-84-key-keyboard-p-178791.html,$11.36 ,$8.52
P1 DLP LED Projector 30 Lumens 640 x 360 Pixels 1080P Micro Projector OPJ-523903,https://www.tinydeal.com/p1-dlp-led-projector-30-lumens-640-x-360-pixels-1080p-micro-projector-p-163451.html,$91.00 ,$89.04
USB Wired Joypad Gamepad Controller for Microsoft Xbox 360 E-524338,https://www.tinydeal.com/usb-wired-joypad-gamepad-controller-for-microsoft-xbox-360-p-163595.html,,
"Gamesir X1 Battledock Converter Stand Docking For PUBG, FPS Games EGC-547420",https://www.tinydeal.com/gamesir-x1-battledock-converter-stand-docking-for-pubg-fps-games-p-175224.html,,
300Mbps Wireless WIFI Router 802.11b/g/n HHIHE-564070,https://www.tinydeal.com/300mbps-wireless-wifi-router-80211bgn-p-180307.html,$17.56 ,$13.70
Home Security System Alarm Voice Acousto-optic Siren 433MHz SAL-521793,https://www.tinydeal.com/home-security-system-alarm-voice-acousto-optic-siren-433mhz-p-162506.html,$39.09 ,$38.86
Mini USB Bluetooth Adapter Dongle Wireless Bluetooth V4.0 Transmitter EDT-564506,https://www.tinydeal.com/mini-usb-bluetooth-adapter-dongle-wireless-bluetooth-v40-transmitter-p-180939.html,$9.44 ,$5.94
Mini 300Mbps 2.4GHz USB 2.0 Router Signal Booster Network Card WiFi Dongle EDT-547366,https://www.tinydeal.com/mini-300mbps-24ghz-usb-20-router-signal-booster-network-card-wifi-dongle-p-174516.html,$5.40 ,$5.04
H96 MAX TV Box RK3328 Quad Core 4G+32G Android 7.1 HD Dual WiFi BT Smart TV Box E-542937,https://www.tinydeal.com/h96-max-tv-box-rk3328-quad-core-4g32g-android-71-hd-dual-wifi-bt-smart-tv-box-p-172801.html,$87.47 ,$68.81
25 in 1 Mobile Phone Repair Tools Kit Screwdriver Set Spudger for iPhone 8 HHI-541893,https://www.tinydeal.com/25-in-1-mobile-phone-repair-tools-kit-screwdriver-set-spudger-for-iphone-8-p-172409.html,$13.54 ,$12.66
IR Remote Extender Repeater for PC DVD ETA-554263,https://www.tinydeal.com/ir-remote-extender-repeater-for-pc-dvd-p-176656.html,,
2 x Phone Joysticks Trigger Fire Button EPATH-558326,https://www.tinydeal.com/2-x-phone-joysticks-trigger-fire-button-p-179228.html,,
G2 Gaming Trigger Fire Button Handle Shooter Controller for Phones EPATH-558331,https://www.tinydeal.com/g2-gaming-trigger-fire-button-handle-shooter-controller-for-phones-p-179229.html,$3.77 ,$1.83
Rechargeable Wireless Vertical Mouse Ergonomic design 5 Buttons RTH-562549,https://www.tinydeal.com/rechargeable-wireless-vertical-mouse-ergonomic-design-5-buttons-p-179488.html,$18.06 ,$10.09
3 in 1 Multi Function USB-C Micro USB 2.0 Type C SD FT OTG Card Reader Adapter EPA-555196,https://www.tinydeal.com/3-in-1-multi-function-usb-micro-usb-20-type-sd-ft-otg-card-reader-adapter-p-176865.html,$3.29 ,$2.40
2.4G Wireless Rechargeable Vertical Ergonomic Laser Mouse EDT-561031,https://www.tinydeal.com/24g-wireless-rechargeable-vertical-ergonomic-laser-mouse-p-178827.html,$11.26 ,$10.66
Acrylic Holder Case for Raspberry Pi 3 7 inch Display Screen Monitor E-524990,https://www.tinydeal.com/acrylic-holder-case-for-raspberry-pi-3-7-inch-display-screen-monitor-p-163964.html,,
Waterproof cover Wireless Doorbell ring 300M Remote home smart Door Bell SDB-555205,https://www.tinydeal.com/waterproof-cover-wireless-doorbell-ring-300m-remote-home-smart-door-bell-p-177308.html,$15.52 ,$12.10
10 In 1 Electric Control Cabinet Key Wrench Zinc Alloy Multi-function Key Wrench HHI-544805,https://www.tinydeal.com/10-in-1-electric-control-cabinet-key-wrench-zinc-alloy-multi-function-key-wrench-p-173445.html,,
3Pcs HSS 4-12/20/32mm High Quality Steel Step Drill Bits Hole Cutter NLC-527663,https://www.tinydeal.com/3pcs-hss-4-122032mm-high-quality-steel-step-drill-bits-hole-cutter-p-164923.html,$11.26 ,$10.54
2 Pins Wood Moisture Meter Digital Moisture Meter Water Content w LCD Display STH-543137,https://www.tinydeal.com/2-pins-wood-moisture-meter-digital-moisture-meter-water-content-w-lcd-display-p-172628.html,,
4pc HSS 4341 Double Ended Damaged Screw Extractor EDT-552171,https://www.tinydeal.com/4pc-hss-4341-double-ended-damaged-screw-extractor-p-175994.html,$5.26 ,$4.88
2-in-1 Multipurpose Keyboard Groove Brush Set EDT-555031,https://www.tinydeal.com/2-in-1-multipurpose-keyboard-groove-brush-set-p-176868.html,$1.39 ,$1.29
Car Window Safety Hammer Car Escape Hammer Long Handle Emergency Hammer HHI-557673,https://www.tinydeal.com/car-window-safety-hammer-car-escape-hammer-long-handle-emergency-hammer-p-177598.html,$3.17 ,$2.64
Mini Multi-function Home Hand Hacksaw Household Manual Woodworking Hacksaw EDT-557675,https://www.tinydeal.com/mini-multi-function-home-hand-hacksaw-household-manual-woodworking-hacksaw-p-177614.html,,
15ml T8000 Epoxy Resin Acrylic Adhesive Needle Type Glue EDT-561603,https://www.tinydeal.com/15ml-t8000-epoxy-resin-acrylic-adhesive-needle-type-glue-p-179003.html,$2.53 ,$2.33
37mm Diameter 15X Magnifier Portable Pocket Handheld Glass Loupe w 2 LED Light EDT-543272,https://www.tinydeal.com/37mm-diameter-15x-magnifier-portable-pocket-handheld-glass-loupe-w-2-led-light-p-172786.html,$3.52 ,$3.28
SASTFOE U2 32GB USB 2.0 Flash Drive Pen Drive Metal Silver U Disk EUD-570812,https://www.tinydeal.com/sastfoe-u2-32gb-usb-20-flash-drive-pen-drive-metal-silver-u-disk-p-182061.html,$6.78 ,$5.31
4 in 1 32GB High Speed USB Flash Drive Pendrive Type C for Android IOS EUD-571275,https://www.tinydeal.com/4-in-1-32gb-high-speed-usb-flash-drive-pendrive-type-for-android-ios-p-182128.html,$18.53 ,$12.17
Lenovo N100 2.4GH Wireless Mouse USB Desktop Laptop Computer RTH-567219,https://www.tinydeal.com/lenovo-n100-24gh-wireless-mouse-usb-desktop-laptop-computer-p-181836.html,$5.57 ,$5.22
BT168D Battery Tester Universal Digital Display Battery Capacity Tester RTH-570308,https://www.tinydeal.com/bt168d-battery-tester-universal-digital-display-battery-capacity-tester-p-182118.html,$5.16 ,$4.84
SwissTek Ultimate All Purpose Power Scrubber Cleaning Kit (3-Piece) RTH-570129,https://www.tinydeal.com/swisstek-ultimate-all-purpose-power-scrubber-cleaning-kit-3-piece-p-181968.html,$10.53 ,$9.89
8 in 1 Gopro Sports Action Camera Accessories Set EVATH-519502,https://www.tinydeal.com/8-in-1-gopro-sports-action-camera-accessories-set-p-161830.html,$13.71 ,$12.84
USB 3.1 Type-C Card Reader Micro SD TF Card Reader with OTG Function E-532209,https://www.tinydeal.com/usb-31-type-card-reader-micro-sd-tf-card-reader-with-otg-function-p-166522.html,$2.51 ,$2.29
Portable 1.5m 4.9ft Retractable 8 Pin RJ45 M-M Ethernet Network Cable ECAHP-525978,https://www.tinydeal.com/portable-15m-49ft-retractable-8-pin-rj45-m-m-ethernet-network-cable-p-164297.html,$1.60 ,$1.50
Professional Game Mouse Backlit Colourful USB Wired ELT-566158,https://www.tinydeal.com/professional-game-mouse-backlit-colourful-usb-wired-p-181430.html,,
1.2M 4-Port USB 2.0 Hub External Splitter Adapter with Switch Button ECA-516830,https://www.tinydeal.com/12m-4-port-usb-20-hub-external-splitter-adapter-with-switch-button-p-160480.html,,
8 LEDs USB Night Light for Laptop Keyboard EDT-562699,https://www.tinydeal.com/8-leds-usb-night-light-for-laptop-keyboard-p-179185.html,$6.60 ,$1.70
G3 32GB USB 2.0 Flash Stick Pen USB Flash Drive EFM-566263,https://www.tinydeal.com/g3-32gb-usb-20-flash-stick-pen-usb-flash-drive-p-180997.html,$11.33 ,$5.66
Europe to US Travel Adapter CAD-7972,https://www.tinydeal.com/europe-to-us-travel-adapter-p-7246.html,$0.94 ,$0.90
Anti-static Safe Wrist Strap Electricity Grounding Wristband CTH-173490,https://www.tinydeal.com/anti-static-safe-wrist-strap-electricity-grounding-wristband-p-88842.html,$1.68 ,$1.44
Mounting Holder Bracket Set for GoPro Hero 2/Hero 3/Hero 3+ VGP-209876,https://www.tinydeal.com/mounting-holder-bracket-set-for-gopro-hero-2hero-3hero-3-p-98663.html,,
USB 2.0 Male to USB Female Rotatable Adapter CCB-196363,https://www.tinydeal.com/usb-20-male-to-usb-female-rotatable-adapter-p-95116.html,$1.16 ,$1.08
1.5M/ 5ft USB 2.0 A Male to A Female Extension Cable CCB-156440,https://www.tinydeal.com/15m-5ft-usb-20-a-male-to-a-female-extension-cable-p-83109.html,$2.73 ,$2.55
Dual Charging Dock + 2 Batteries for Nintendo Wii GWIICS02,https://www.tinydeal.com/dual-charging-dock-2-batteries-for-nintendo-wii-p-1559.html,,
2-Pin US to AU Power Plug Converter CAD-19575,https://www.tinydeal.com/2-pin-us-to-au-power-plug-converter-p-16231.html,$0.68 ,$0.63
UK Male to Female Travel Power Adapter CAD-4779,https://www.tinydeal.com/uk-male-to-female-travel-power-adapter-p-4287.html,,
1.5M/ 5ft USB 2.0 A Male to A Male Extension Cable CCB-156439,https://www.tinydeal.com/15m-5ft-usb-20-a-male-to-a-male-extension-cable-p-83136.html,,
GY-61 ADXL335 Triple Axis Accelerometer / Analog Sensor - Blue EDC-308704,https://www.tinydeal.com/gy-61-adxl335-triple-axis-accelerometer-analog-sensor-blue-p-128418.html,$4.36 ,$4.07
360 WiFi 3 Generation Wireless Wifi Repeater EDT-561481,https://www.tinydeal.com/360-wifi-3-generation-wireless-wifi-repeater-p-178760.html,$6.60 ,$2.87
1/2/4 pcs Screwdriver Extension Drill Bits Flexible Drill Holder Shaft Conecting HHIHE-531989,https://www.tinydeal.com/124-pcs-screwdriver-extension-drill-bits-flexible-drill-holder-shaft-conecting-p-166422.html,$6.36 ,$2.70
New High Quality High Power Supply USB 3.0 Hub EPACG-556613,https://www.tinydeal.com/new-high-quality-high-power-supply-usb-30-hub-p-177438.html,$1.90 ,$1.86
Non-contact Test Pencil 50-1000V AC Electroscope Voltage Alert Pen HHIHE-530683,https://www.tinydeal.com/non-contact-test-pencil-50-1000v-ac-electroscope-voltage-alert-pen-p-166200.html,$4.68 ,$3.22
Electronics Fans Package Kit for Arduino EDT-323176,https://www.tinydeal.com/electronics-fans-package-kit-for-arduino-p-132774.html,,
2.4GHz Wireless Optical Mouse Mice w/ Receiver for MacBook/ Laptop ECAMS-520534,https://www.tinydeal.com/24ghz-wireless-optical-mouse-mice-w-receiver-for-macbook-laptop-p-162039.html,,
Original Xiaomi Mijia Wifi Remote Control Multi-functional Gateway E-510654,https://www.tinydeal.com/original-xiaomi-mijia-wifi-remote-control-multi-functional-gateway-p-158819.html,$59.92 ,$34.14
DIY Home Security Monitor Mini Wi-Fi IP Camera w iOS/Android APP EVC-511997,https://www.tinydeal.com/diy-home-security-monitor-mini-wi-fi-ip-camera-w-iosandroid-app-p-159465.html,$16.17 ,$14.02
ESTRELLA  64G USB2.0 High Speed Mini Flash Drive Waterproof USB EUD-555517,https://www.tinydeal.com/estrella-64g-usb20-high-speed-mini-flash-drive-waterproof-usb-p-176843.html,$18.85 ,$11.42
2.4GHz Wireless 1600DPI 10M Nano Receiver Notebook Optical Mouse ECAMS-518567,https://www.tinydeal.com/24ghz-wireless-1600dpi-10m-nano-receiver-notebook-optical-mouse-p-161174.html,,
4.4 inch LCD Electronic Children Writing Tablet HHI-562746,https://www.tinydeal.com/44-inch-lcd-electronic-children-writing-tablet-p-179164.html,$6.60 ,$3.39
100mm/ 4'' Vernier Caliper Mini Brass Sliding Pocket Caliper Metal Double Scale HHI-544802,https://www.tinydeal.com/100mm-4-vernier-caliper-mini-brass-sliding-pocket-caliper-metal-double-scale-p-173405.html,$3.45 ,$3.30
Raspberry Pi 3 Model B Acrylic Case Transparent Shell Cover Cooler Fan E-525004,https://www.tinydeal.com/raspberry-pi-3-model-b-acrylic-case-transparent-shell-cover-cooler-fan-p-163923.html,,
2GB USB 2.0 Flash Drive USB Memory Card U Disk EUD-337402,https://www.tinydeal.com/2gb-usb-20-flash-drive-usb-memory-card-u-disk-p-136208.html,$3.68 ,$2.28
Kingston TF Card 8GB Class 4 SDHC Mobile phone EFM-400784,https://www.tinydeal.com/kingston-tf-card-8gb-class-4-sdhc-mobile-phone-p-151299.html,$9.86 ,$6.64
Worldwide All in One Travel Power Plug Adapter with Dual USB Ports E-516982,https://www.tinydeal.com/worldwide-all-in-one-travel-power-plug-adapter-with-dual-usb-ports-p-160908.html,$17.16 ,$8.56
TX9 Computer TV 3.5mm Audio Music Bluetooth Transmitter ECA-516886,https://www.tinydeal.com/tx9-computer-tv-35mm-audio-music-bluetooth-transmitter-p-160749.html,,
4pcs 1/4 Hex Shank Countersink Drill Bit Set for Woodworking Cutter HHI-532314,https://www.tinydeal.com/4pcs-14-hex-shank-countersink-drill-bit-set-for-woodworking-cutter-p-166596.html,$3.66 ,$3.41
6pcs 5 Flutes 1/4 Inch Hex Shank Countersink Drill Bit Set Titanium Coated HHI-532751,https://www.tinydeal.com/6pcs-5-flutes-14-inch-hex-shank-countersink-drill-bit-set-titanium-coated-p-167199.html,$6.18 ,$5.70
4 in 1 Multifunctional Retaining Ring Pliers Auto-lock Circlip Pliers HHI-544209,https://www.tinydeal.com/4-in-1-multifunctional-retaining-ring-pliers-auto-lock-circlip-pliers-p-173193.html,$6.60 ,$6.09
16GB PU Leather USB 3.0 Flash Drive ECA-564312,https://www.tinydeal.com/16gb-pu-leather-usb-30-flash-drive-p-179958.html,$9.52 ,$5.55
Camera Photo Universal Softbox Flash Light Bounce Diffuser Accessory E-545816,https://www.tinydeal.com/camera-photo-universal-softbox-flash-light-bounce-diffuser-accessory-p-173727.html,$3.38 ,$3.22
Dummy Fake Surveillance Security CCTV Dome Camera with Flashing Red LED Light TTH-539440,https://www.tinydeal.com/dummy-fake-surveillance-security-cctv-dome-camera-with-flashing-red-led-light-p-179138.html,$6.27 ,$5.88
G3 64GB USB 2.0 Flash Stick Pen USB Flash Drive EFM-566264,https://www.tinydeal.com/g3-64gb-usb-20-flash-stick-pen-usb-flash-drive-p-180998.html,$15.11 ,$7.17
Netac U905 Retractable 32GB High Speed USB 2.0 Flash Drive EUD-561574,https://www.tinydeal.com/netac-u905-retractable-32gb-high-speed-usb-20-flash-drive-p-179005.html,$8.73 ,$5.59
ESCAM Elf QF200 HD 960P WiFi IP Camera 1.3MP Two-way Voice SCM-523713,https://www.tinydeal.com/escam-elf-qf200-hd-960p-wifi-ip-camera-13mp-two-way-voice-p-163421.html,$53.40 ,$46.88
37mm UV Filter Adapter + Lens Cover Set for Xiaomi Yi Sports Camera EVATH-507592,https://www.tinydeal.com/37mm-uv-filter-adapter-lens-cover-set-for-xiaomi-yi-sports-camera-p-158468.html,$3.43 ,$3.20
1 Set of Copper and Aluminum Heatsinks for Raspberry Pi 2/3 Model B E-525014,https://www.tinydeal.com/1-set-of-copper-and-aluminum-heatsinks-for-raspberry-pi-23-model-b-p-164079.html,$1.43 ,$1.33
3PCs Aluminum Heat Sinks RPI Heatsinks for Raspberry Pi 2 / 3 Model B E-525015,https://www.tinydeal.com/3pcs-aluminum-heat-sinks-rpi-heatsinks-for-raspberry-pi-2-3-model-b-p-164013.html,$3.49 ,$0.84
Acrylic Case Transparent Shell Cover for Raspberry Pi 2/3 model B E-524993,https://www.tinydeal.com/acrylic-case-transparent-shell-cover-for-raspberry-pi-23-model-b-p-163965.html,$3.59 ,$3.07
Cooling Fan Cooler Radiator Fan for Raspberry Pi 2/3 Model B Pi B+ E-524997,https://www.tinydeal.com/cooling-fan-cooler-radiator-fan-for-raspberry-pi-23-model-b-pi-b-p-163953.html,$2.58 ,$2.33
2pcs Aluminum Heat Cooling Sink for Raspberry Pi 3 Model B Ras Pi 2 E-524986,https://www.tinydeal.com/2pcs-aluminum-heat-cooling-sink-for-raspberry-pi-3-model-b-ras-pi-2-p-163916.html,$0.94 ,$0.89
8 in 1 Screwdrivers Tool Kit with 6 LEDs Flashlight for Camping EDT-524012,https://www.tinydeal.com/8-in-1-screwdrivers-tool-kit-with-6-leds-flashlight-for-camping-p-163659.html,$13.61 ,$7.83
Digital Audio SPDIF Toslink to Coaxial Converter ETA-523398,https://www.tinydeal.com/digital-audio-spdif-toslink-to-coaxial-converter-p-163222.html,,
Personal Portable Photography Studio LED Light Room Light Weight E-524614,https://www.tinydeal.com/personal-portable-photography-studio-led-light-room-light-weight-p-163808.html,$14.10 ,$9.77
SQ9 1080P 12MP Action Camera Magenetic Mini Car DVR w/ Night Version E-522036,https://www.tinydeal.com/sq9-1080p-12mp-action-camera-magenetic-mini-car-dvr-w-night-version-p-162722.html,$17.59 ,$15.87
Mobile Game Fire Button for Arena of Valor Mobile Gaming Trigger EGC-549834,https://www.tinydeal.com/mobile-game-fire-button-for-arena-of-valor-mobile-gaming-trigger-p-175212.html,,
G2000 Gaming Headsets with Mic for PC HHI-564730,https://www.tinydeal.com/g2000-gaming-headsets-with-mic-for-pc-p-180265.html,,
1/2/4 Set of Hexagon Handle Twist Drill Set Plastic Metal Hex Shank Drill Bit HHIHE-532539,https://www.tinydeal.com/124-set-of-hexagon-handle-twist-drill-set-plastic-metal-hex-shank-drill-bit-p-166739.html,$9.15 ,$6.48
8 in 1 Multifunctional Screwdriver Set 6 LED Lighting Car Screwdriver S-530589,https://www.tinydeal.com/8-in-1-multifunctional-screwdriver-set-6-led-lighting-car-screwdriver-p-166003.html,$6.60 ,$6.48
Free Wolf  6 Button LED Optical Gaming Mouse Mechanical Macro Programmable ETATH-558901,https://www.tinydeal.com/free-wolf-6-button-led-optical-gaming-mouse-mechanical-macro-programmable-p-179989.html,,
LCD Digital Display Tread Depth Gauge Digital Vernier Caliper Switch Automatic NLC-558025,https://www.tinydeal.com/lcd-digital-display-tread-depth-gauge-digital-vernier-caliper-switch-automatic-p-180007.html,,
1A 5V Micro USB TP4056 Lithium Battery Power Charger Board Module EDT-549963,https://www.tinydeal.com/1a-5v-micro-usb-tp4056-lithium-battery-power-charger-board-module-p-175233.html,$2.38 ,$2.24
XL6009 3-32V to 5-35V DC-DC Adapter Booster Circuit Board Module EDT-549487,https://www.tinydeal.com/xl6009-3-32v-to-5-35v-dc-dc-adapter-booster-circuit-board-module-p-175177.html,,
6pcs/set HSS Routing Bits Burr Rotary Tool for Wood Stone Jade Carving EDT-544777,https://www.tinydeal.com/6pcsset-hss-routing-bits-burr-rotary-tool-for-wood-stone-jade-carving-p-173632.html,$2.40 ,$2.24
MESTEK AC10 Non-contact AC Voltage Tester with Flashlight HHIHE-560898,https://www.tinydeal.com/mestek-ac10-non-contact-ac-voltage-tester-with-flashlight-p-178597.html,$12.72 ,$6.11
PPD Soldering PD-150 Environmental Solder Paste Welding Oil Jointing Paste EDT-544729,https://www.tinydeal.com/ppd-soldering-pd-150-environmental-solder-paste-welding-oil-jointing-paste-p-173555.html,$4.72 ,$4.21
4 Ports HUB USB 3.0 HUB USB Splitter Super Speed Up to 5 Gbps USB EDT-545611,https://www.tinydeal.com/4-ports-hub-usb-30-hub-usb-splitter-super-speed-up-to-5-gbps-usb-p-173664.html,$11.60 ,$7.18
45-60mm Wedge Feeler Gauge Gap Hole Measure Tool Stainless Steel Taper Metric HHI-544220,https://www.tinydeal.com/45-60mm-wedge-feeler-gauge-gap-hole-measure-tool-stainless-steel-taper-metric-p-173274.html,$5.01 ,$4.68
Leathercraft 5 Inch Leather Scratch Compass Wing Divider Leather Marking Tool HHI-544808,https://www.tinydeal.com/leathercraft-5-inch-leather-scratch-compass-wing-divider-leather-marking-tool-p-173512.html,$5.81 ,$4.36
T60 8GB Handheld LCD Real Time Display Digital Voice Recorder STH-563079,https://www.tinydeal.com/t60-8gb-handheld-lcd-real-time-display-digital-voice-recorder-p-180923.html,$34.01 ,$19.30
1W 5.5V Polysilicon Plate Solar Panel Charging Board DIY Tiger Clip EDT-547018,https://www.tinydeal.com/1w-55v-polysilicon-plate-solar-panel-charging-board-diy-tiger-clip-p-174305.html,$4.25 ,$3.80
100cm RJ45 Network Extension Cord 8 Pin Male to Female Rj45 Cable Line ECA-547757,https://www.tinydeal.com/100cm-rj45-network-extension-cord-8-pin-male-to-female-rj45-cable-line-p-174194.html,$4.08 ,$3.30
"90 Degree Spring Loaded Folding Support Shelf Bracket 10"" Length HHI-547004",https://www.tinydeal.com/90-degree-spring-loaded-folding-support-shelf-bracket-10-length-p-174302.html,$14.97 ,$14.77
20cm 8-inch Length Spring Loaded Triangle Folding Shelf Support Bracket HHI-547003,https://www.tinydeal.com/20cm-8-inch-length-spring-loaded-triangle-folding-shelf-support-bracket-p-174301.html,,
SNAKE BIT 360 Screwdriver 6 in 1 Mulitfunctional Rotating Screwdriver Tools HHI-546149,https://www.tinydeal.com/snake-bit-360-screwdriver-6-in-1-mulitfunctional-rotating-screwdriver-tools-p-173871.html,$8.88 ,$8.75
6 inch Multifunctional Y Shape Universal Spanner Home Car Office Repair Tool HHI-573637,https://www.tinydeal.com/6-inch-multifunctional-y-shape-universal-spanner-home-car-office-repair-tool-p-182811.html,$8.80 ,$7.72
H96 Android 6.0 TV Box Quad Core RK3229 Ultra HD 4K Media Player E-547499,https://www.tinydeal.com/h96-android-60-tv-box-quad-core-rk3229-ultra-hd-4k-media-player-p-174180.html,$38.92 ,$35.03
V3 USB Computer Optoelectronic Wired Game Mouse ELT-566159,https://www.tinydeal.com/v3-usb-computer-optoelectronic-wired-game-mouse-p-181133.html,,
"1/4"" Hex Shank Stainless Steel Burr Repairs Tool HHI-564045",https://www.tinydeal.com/14-hex-shank-stainless-steel-burr-repairs-tool-p-180356.html,,
Raspberry Pi 3 Power Cable With Switch ON/OFF Button Micro USB Charging Cable E-549079,https://www.tinydeal.com/raspberry-pi-3-power-cable-with-switch-onoff-button-micro-usb-charging-cable-p-174753.html,$3.12 ,$2.62
Z-413 3 Port Lever Conductor Terminal Block Wire Push Cable Connector EDT-548936,https://www.tinydeal.com/z-413-3-port-lever-conductor-terminal-block-wire-push-cable-connector-p-174855.html,$2.12 ,$2.02
24 Pcs Home Office Hex Socket Screwdriver Bits Assorted Repair Tool Kit Toolbox NLC-548090,https://www.tinydeal.com/24-pcs-home-office-hex-socket-screwdriver-bits-assorted-repair-tool-kit-toolbox-p-174811.html,,
10A Digital Voltmeter Ammeter EDT-562980,https://www.tinydeal.com/10a-digital-voltmeter-ammeter-p-180375.html,,
40M Laser Rangefinder Digital Laser Distance Meter HHIHE-566685,https://www.tinydeal.com/40m-laser-rangefinder-digital-laser-distance-meter-p-181332.html,,
Comfast CFWU810n Wireless 150mbps Pocket Wifi Adapter EDT-566528,https://www.tinydeal.com/comfast-cfwu810n-wireless-150mbps-pocket-wifi-adapter-p-181157.html,$6.51 ,$3.96
G189 Optical Mute Mouse Mice for Computer PC RTH-567892,https://www.tinydeal.com/g189-optical-mute-mouse-mice-for-computer-pc-p-181517.html,$6.51 ,$6.10
Hot Syringe Thermal Grease Silver CPU Chip Heatsink Paste Conductive Compound EDT-566040,https://www.tinydeal.com/hot-syringe-thermal-grease-silver-cpu-chip-heatsink-paste-conductive-compound-p-181411.html,$4.05 ,$2.14
Jakemy Jm-8168 24 In 1 Screwdriver Set Multi-Purpose RTH-566879,https://www.tinydeal.com/jakemy-jm-8168-24-in-1-screwdriver-set-multi-purpose-p-181333.html,,
22 in 1 Multi-purpose Precision Screwdriver Set Aluminium Alloy Screw Tools HHIHE-566809,https://www.tinydeal.com/22-in-1-multi-purpose-precision-screwdriver-set-aluminium-alloy-screw-tools-p-181316.html,,
Universal Projector CCTV Camera Wall Ceiling Mount Hanger 360° Rotatable Head SCM-539581,https://www.tinydeal.com/universal-projector-cctv-camera-wall-ceiling-mount-hanger-360°-rotatable-head-p-171090.html,,
5.0MP Panoramic Fisheye Wireless WiFi Night Vision IP Camera E27 Bulb Camera SCM-536908,https://www.tinydeal.com/50mp-panoramic-fisheye-wireless-wifi-night-vision-ip-camera-e27-bulb-camera-p-169990.html,$68.44 ,$67.79
1/2/4 Set of 8pcs CRV Chrome Vanadium Steel Square Socket Adapter Power Kit HHI-532313,https://www.tinydeal.com/124-set-of-8pcs-crv-chrome-vanadium-steel-square-socket-adapter-power-kit-p-166720.html,$8.52 ,$7.78
"6pcs Rotary Burr Set CNC Engraving Bit Rotary Bur Burr Grinding Shank 6mm 1/4"" HHI-532323",https://www.tinydeal.com/6pcs-rotary-burr-set-cnc-engraving-bit-rotary-bur-burr-grinding-shank-6mm-14-p-166597.html,,
1/2/4 Set of Power Drill & Saw Set HSS Titanium Coated Woodworking Twist Drill HHI-532316,https://www.tinydeal.com/124-set-of-power-drill-saw-set-hss-titanium-coated-woodworking-twist-drill-p-166634.html,$5.90 ,$5.40
EZCast EZC-5200BS 2.4 / 5GHz USB Network Card 600Mbps Dual-frequency Adapter E-567902,https://www.tinydeal.com/ezcast-ezc-5200bs-24-5ghz-usb-network-card-600mbps-dual-frequency-adapter-p-181601.html,$17.94 ,$11.08
"16MM 3/5"" Chain Plate Angle Grinding Chain Wheel Wood Carving Disc HHIHE-566807",https://www.tinydeal.com/16mm-35-chain-plate-angle-grinding-chain-wheel-wood-carving-disc-p-181622.html,$9.89 ,$9.30
10pcs Hex Shank Magnetic Plum Head Bits Titanium Coated S2 Steel Power Tools HHIHE-532542,https://www.tinydeal.com/10pcs-hex-shank-magnetic-plum-head-bits-titanium-coated-s2-steel-power-tools-p-166790.html,$4.97 ,$4.65
"Professional 12 Pieces Wood Carving Chisel Set, Wood Carving Knife Kit NLC-548832",https://www.tinydeal.com/professional-12-pieces-wood-carving-chisel-set-wood-carving-knife-kit-p-174854.html,$6.60 ,$5.86
DM TYPE C-TF USB 3.1 Micro SD TF Memory Card Reader EUD-533369,https://www.tinydeal.com/dm-type-tf-usb-31-micro-sd-tf-memory-card-reader-p-167225.html,$4.68 ,$3.23
UA6013L Multimeter Digital Capacitance Meter Capacitor Tester RTH-532999,https://www.tinydeal.com/ua6013l-multimeter-digital-capacitance-meter-capacitor-tester-p-168277.html,,
5Pcs Damaged Broken Screws Extractor Damaged Bolts Removal Tool HHI-533028,https://www.tinydeal.com/5pcs-damaged-broken-screws-extractor-damaged-bolts-removal-tool-p-167113.html,$4.23 ,$3.59
10pcs 900M-T Series Copper Base Lead-free Electroplating Iron Tips HHI-533061,https://www.tinydeal.com/10pcs-900m-t-series-copper-base-lead-free-electroplating-iron-tips-p-167044.html,$4.58 ,$3.44
2 Inch HD Screen Kids Mini Digital Camera Chargable Camera Toys Children Gift RTH-572086,https://www.tinydeal.com/2-inch-hd-screen-kids-mini-digital-camera-chargable-camera-toys-children-gift-p-182341.html,$12.19 ,$11.08
4 in 1 USB Type-C OTG HUB Card Reader Dual USB 2.0 Ports + TF/SD Card Port ECA-540271,https://www.tinydeal.com/4-in-1-usb-type-otg-hub-card-reader-dual-usb-20-ports-tfsd-card-port-p-171472.html,$5.16 ,$4.82
Dummy Solar Powered Camera High Simulation CCTV Fake Camera Flashing Led Light STH-551725,https://www.tinydeal.com/dummy-solar-powered-camera-high-simulation-cctv-fake-camera-flashing-led-light-p-175883.html,,
Wireless Bluetooth Gamepad For Sony PS3 Controller Game Joystick EVG-553230,https://www.tinydeal.com/wireless-bluetooth-gamepad-for-sony-ps3-controller-game-joystick-p-176450.html,,
Dual Micro USB Charging Dock for PS4 Double Game Handle Dual Charge Dock Stand EVG-553272,https://www.tinydeal.com/dual-micro-usb-charging-dock-for-ps4-double-game-handle-dual-charge-dock-stand-p-176387.html,,
Soldering Iron Kit 60W 110V Adjustable Temperature Welding Soldering Iron EDT-543140,https://www.tinydeal.com/soldering-iron-kit-60w-110v-adjustable-temperature-welding-soldering-iron-p-172804.html,$14.21 ,$13.53
Metal 8 Angles Degree Screw Thread Cutting Angle Gauge Measuring Tool EDT-542932,https://www.tinydeal.com/metal-8-angles-degree-screw-thread-cutting-angle-gauge-measuring-tool-p-172573.html,$1.47 ,$1.40
Whitworth 55-Degree & Metric 60-Degree Grip Whitworth Screw Thread Pitch Gauge HPI-542838,https://www.tinydeal.com/whitworth-55-degree-metric-60-degree-grip-whitworth-screw-thread-pitch-gauge-p-172556.html,$1.88 ,$1.76
HL-E 20W Electric Automatic Temperature Heating Hot Melt Glue Gun with Switch EDT-541689,https://www.tinydeal.com/hl-e-20w-electric-automatic-temperature-heating-hot-melt-glue-gun-with-switch-p-171980.html,$6.44 ,$6.01
Diving Mask Full Face Snorkeling Mask Swim Training Scuba Mask for Gopro Camera EPAHD-542051,https://www.tinydeal.com/diving-mask-full-face-snorkeling-mask-swim-training-scuba-mask-for-gopro-camera-p-172455.html,$28.62 ,$19.12
1-15mm Wedge Feeler Gauge Gap Hole Measure Tool Stainless Steel Taper Metric HHI-544217,https://www.tinydeal.com/1-15mm-wedge-feeler-gauge-gap-hole-measure-tool-stainless-steel-taper-metric-p-173259.html,$2.99 ,$2.68
POE Adapter Cable 5.5x2.1mm Tape Screened POE Switch Cable POE Splitter Injector RTH-550300,https://www.tinydeal.com/poe-adapter-cable-55x21mm-tape-screened-poe-switch-cable-poe-splitter-injector-p-175364.html,$3.51 ,$3.28
4 Inch F Clamp Quick Grip Woodworking Bar Clamp Clip Wood Trigger Clamp HHI-544173,https://www.tinydeal.com/4-inch-f-clamp-quick-grip-woodworking-bar-clamp-clip-wood-trigger-clamp-p-173217.html,$4.07 ,$3.30
8 in 1 Torx Screwdriver Set Multifunction Precision Screwdriver Repair Tools EDT-543792,https://www.tinydeal.com/8-in-1-torx-screwdriver-set-multifunction-precision-screwdriver-repair-tools-p-173042.html,$8.49 ,$7.96
30-45mm Wedge Feeler Gauge Gap Hole Measure Tool Stainless Steel Taper Metric HHI-544219,https://www.tinydeal.com/30-45mm-wedge-feeler-gauge-gap-hole-measure-tool-stainless-steel-taper-metric-p-173260.html,$4.45 ,$4.16
R7-14.5mm Pocket Measure 32 Plates Stainless Steel Radius Gauge Gage Tool HHI-544235,https://www.tinydeal.com/r7-145mm-pocket-measure-32-plates-stainless-steel-radius-gauge-gage-tool-p-173219.html,$4.12 ,$3.84
Indoor TV 32 Mile Range Amplified HDTV Antenna w USB Power Supply Coaxial Cable ETATH-543867,https://www.tinydeal.com/indoor-tv-32-mile-range-amplified-hdtv-antenna-w-usb-power-supply-coaxial-cable-p-172993.html,$14.61 ,$13.65
Mini 1.7 Inch Screen Kids Digital Camera STH-557084,https://www.tinydeal.com/mini-17-inch-screen-kids-digital-camera-p-177712.html,,
Universal TV Remote Control Smart Remote Controller For TV Television ETATH-551801,https://www.tinydeal.com/universal-tv-remote-control-smart-remote-controller-for-tv-television-p-175832.html,$4.58 ,$3.68
USB3.0 PCIE 1X to 16X Graphics Card Extension Cable ECAHP-554352,https://www.tinydeal.com/usb30-pcie-1x-to-16x-graphics-card-extension-cable-p-176624.html,$6.60 ,$6.55
10pcs 11mm x 190mm Hot Melt Glue Sticks For Electric Glue Gun Repair Tools EDT-553624,https://www.tinydeal.com/10pcs-11mm-x-190mm-hot-melt-glue-sticks-for-electric-glue-gun-repair-tools-p-176538.html,$6.72 ,$5.72
Car Motorcycle Tyre Tread ruler RTH-552933,https://www.tinydeal.com/car-motorcycle-tyre-tread-ruler-p-176426.html,$2.42 ,$2.32
34pcs Set Scalpel Knife Tool Kit DIY Craft Carving Knives with Scalpel EDT-553558,https://www.tinydeal.com/34pcs-set-scalpel-knife-tool-kit-diy-craft-carving-knives-with-scalpel-p-176527.html,$18.85 ,$13.58
Ordro HDV-V12 1080p FHD Digital Camera DV Camcorder EDT-561770,https://www.tinydeal.com/ordro-hdv-v12-1080p-fhd-digital-camera-dv-camcorder-p-179084.html,,
Automatic Spring Loaded Center Drill Punch with Spare Tip & Cushion Cap HHI-557646,https://www.tinydeal.com/automatic-spring-loaded-center-drill-punch-with-spare-tip-cushion-cap-p-177776.html,$3.84 ,$3.23
0.56 Inch 2-wire Voltage Meter EDT-556493,https://www.tinydeal.com/056-inch-2-wire-voltage-meter-p-178027.html,$2.90 ,$2.59
2-in-1 Miniature Screwdriver - Straight + Cross Type NLC-558162,https://www.tinydeal.com/2-in-1-miniature-screwdriver-straight-cross-type-p-178206.html,$1.05 ,$0.80
Memory Foam Mouse Pad Anti-skid Mousepad Support Wrist Rest Mat EDT-556741,https://www.tinydeal.com/memory-foam-mouse-pad-anti-skid-mousepad-support-wrist-rest-mat-p-177536.html,$14.36 ,$13.26
12V 18V Rechargeable Electric Drill Pocket Part Tools Screwdriver Storage Bag EDT-557925,https://www.tinydeal.com/12v-18v-rechargeable-electric-drill-pocket-part-tools-screwdriver-storage-bag-p-177601.html,$3.28 ,$2.65
Tape Double Sided Thermal Conductive Adhesive tape for Chip LED Heatsink EDT-554675,https://www.tinydeal.com/tape-double-sided-thermal-conductive-adhesive-tape-for-chip-led-heatsink-p-177270.html,$3.16 ,$2.92
Frosted Mini M20 USB2.0 1000dpi Wired Mouse ETATH-556258,https://www.tinydeal.com/frosted-mini-m20-usb20-1000dpi-wired-mouse-p-177382.html,$4.81 ,$4.39
Magnetic Wrist Support Band with Strong Magnets Bracelet Belt EDT-557928,https://www.tinydeal.com/magnetic-wrist-support-band-with-strong-magnets-bracelet-belt-p-177602.html,$4.68 ,$4.19
5pcs Hex Shank Triangle Head Ceramic Tile Drill Bit HHI-557657,https://www.tinydeal.com/5pcs-hex-shank-triangle-head-ceramic-tile-drill-bit-p-177589.html,$6.26 ,$5.84
Toolcool BROPPE 17Pcs 1/4 Hex Shank Screwdriver Bits Set NLC-555997,https://www.tinydeal.com/toolcool-broppe-17pcs-14-hex-shank-screwdriver-bits-set-p-177338.html,,
Hot Melt Glue Gun Glue Stick Industrial Mini Guns EDT-553623,https://www.tinydeal.com/hot-melt-glue-gun-glue-stick-industrial-mini-guns-p-177294.html,$6.72 ,$4.97
"1/4"" Hex Drive Magnetic Screwdriver Bit Holders NLC-557814",https://www.tinydeal.com/14-hex-drive-magnetic-screwdriver-bit-holders-p-178323.html,$4.37 ,$4.05
HY-218 USB Powered Multimedia Stereo Audio Speakers EDT-556433,https://www.tinydeal.com/hy-218-usb-powered-multimedia-stereo-audio-speakers-p-177920.html,$11.93 ,$10.14
0.3-3.2mm Multi Keyless Drill Chuck M8/M7X0.75 Three-Jaw Drill Chuck EBR-560096,https://www.tinydeal.com/03-32mm-multi-keyless-drill-chuck-m8m7x075-three-jaw-drill-chuck-p-178448.html,$4.27 ,$3.51
Plastic Door Panel Remover Repair Tool NLC-558211,https://www.tinydeal.com/plastic-door-panel-remover-repair-tool-p-178249.html,$3.11 ,$2.86
MESTEK DM91 High Precision True RMS Digital Multimeter HHIHE-561073,https://www.tinydeal.com/mestek-dm91-high-precision-true-rms-digital-multimeter-p-178869.html,,
MESTEK DM91A High Precision True RMS Digital Multimeter HHIHE-561072,https://www.tinydeal.com/mestek-dm91a-high-precision-true-rms-digital-multimeter-p-178868.html,,
295MM PlasticMetal Soft Universal Flexible Shaft Electric Screwdriver EDT-559127,https://www.tinydeal.com/295mm-plasticmetal-soft-universal-flexible-shaft-electric-screwdriver-p-178507.html,$2.74 ,$2.44
Ceramic Tile Glass Drill Bits Hex Shank Kit HHI-557973,https://www.tinydeal.com/ceramic-tile-glass-drill-bits-hex-shank-kit-p-178324.html,$6.98 ,$5.16
10pcs Torx Flat Head Cross Spanner Screwdriver Bits Set With Screwdriver Holder NLC-558163,https://www.tinydeal.com/10pcs-torx-flat-head-cross-spanner-screwdriver-bits-set-with-screwdriver-holder-p-178262.html,,
16-in-1 Precision Magnetic Screwdriver Set NLC-557858,https://www.tinydeal.com/16-in-1-precision-magnetic-screwdriver-set-p-178214.html,$3.08 ,$2.71
Magnetic Tip Two Way Cross Flat Head Screwdriver NLC-558210,https://www.tinydeal.com/magnetic-tip-two-way-cross-flat-head-screwdriver-p-178209.html,$3.91 ,$3.25
Universal Bluetooth Folding Keyboard with Kickstand for Smartphone ETATH-558674,https://www.tinydeal.com/universal-bluetooth-folding-keyboard-with-kickstand-for-smartphone-p-178008.html,$34.65 ,$34.47
Freewolf X11 1600DPI 2.4GHz Wireless Mute Rechargeable Mouse LED Backlit Optical EDT-563573,https://www.tinydeal.com/freewolf-x11-1600dpi-24ghz-wireless-mute-rechargeable-mouse-led-backlit-optical-p-179770.html,,
9-in-1 Screwdriver Repair Tool Set NLC-558289,https://www.tinydeal.com/9-in-1-screwdriver-repair-tool-set-p-179245.html,$6.60 ,$4.25
"4"" Quick Ratchet Release Woodworking Clip RTH-562932",https://www.tinydeal.com/4-quick-ratchet-release-woodworking-clip-p-179274.html,$6.60 ,$5.43
Mini Size Home Desk Vacuum Cleaner Vacuum Dust Dirt Food Crumbs Cleaning Tool EDT-563513,https://www.tinydeal.com/mini-size-home-desk-vacuum-cleaner-vacuum-dust-dirt-food-crumbs-cleaning-tool-p-179767.html,$9.00 ,$7.20
Magnetic Steel Phillips Screwdriver NLC-558234,https://www.tinydeal.com/magnetic-steel-phillips-screwdriver-p-179231.html,$3.80 ,$2.89
5V USB Powered 6 LED Hanging Tent Light HHIHE-553776,https://www.tinydeal.com/5v-usb-powered-6-led-hanging-tent-light-p-176711.html,$2.84 ,$2.35
9pcs ESD Stainless Steel Tweezers Kit Precision Anti-static Repair Tools EDT-573598,https://www.tinydeal.com/9pcs-esd-stainless-steel-tweezers-kit-precision-anti-static-repair-tools-p-182735.html,$9.69 ,$8.28
Aluminium Foil Tape Adhesive Sealing Tape Thermal Resist Duct Repairs Tool RTH-573533,https://www.tinydeal.com/aluminium-foil-tape-adhesive-sealing-tape-thermal-resist-duct-repairs-tool-p-182724.html,$6.01 ,$5.55
JM-8106 38 in 1 Precision Screwdriver Set Disassemble Repair Tools Kit PC Phone RTH-571815,https://www.tinydeal.com/jm-8106-38-in-1-precision-screwdriver-set-disassemble-repair-tools-kit-pc-phone-p-182697.html,$11.73 ,$10.71
Logitech M330 Silent Plus Wireless Mouse for Computers and Laptops RTH-567242,https://www.tinydeal.com/logitech-m330-silent-plus-wireless-mouse-for-computers-and-laptops-p-181878.html,,
M80 2.4GHz Wireless Mouse 4 Buttons 1600 DPI Adjustable Rechargeable Mute Mice RTH-571916,https://www.tinydeal.com/m80-24ghz-wireless-mouse-4-buttons-1600-dpi-adjustable-rechargeable-mute-mice-p-182488.html,,
JM-8163 DIY 62 in 1 Screwdriver Set Repair Tool with Precision Driver RTH-571805,https://www.tinydeal.com/jm-8163-diy-62-in-1-screwdriver-set-repair-tool-with-precision-driver-p-182377.html,,
5pc Electric Drill Conversion Angle Grinder Connecting Rod for Cutting Disc DIY HHIHE-571622,https://www.tinydeal.com/5pc-electric-drill-conversion-angle-grinder-connecting-rod-for-cutting-disc-diy-p-182324.html,$5.16 ,$4.65
Kawau C396 DUO USB 3.0 SD TF Card Reader Support Simultaneous Read RTH-571415,https://www.tinydeal.com/kawau-c396-duo-usb-30-sd-tf-card-reader-support-simultaneous-read-p-182287.html,$6.68 ,$3.70
Extension Screwdriver Drill Bit 300mm Flexible Shaft Bits HHI-571586,https://www.tinydeal.com/extension-screwdriver-drill-bit-300mm-flexible-shaft-bits-p-182266.html,$4.38 ,$4.09
Automatic Wire Stripper Clamp Cutting Tool Cutter Crimping Cable Line Plier HHI-570297,https://www.tinydeal.com/automatic-wire-stripper-clamp-cutting-tool-cutter-crimping-cable-line-plier-p-182117.html,$5.52 ,$2.85
Steel Metric Ratchet Spanner Gear Wrench Flexible Head 9-11mm HHI-570268,https://www.tinydeal.com/steel-metric-ratchet-spanner-gear-wrench-flexible-head-9-11mm-p-182178.html,$5.34 ,$4.96
Mini Micro Twist Drill Bits Hand Drill +10 Twist Drills Rotary Tool EDT-565939,https://www.tinydeal.com/mini-micro-twist-drill-bits-hand-drill-10-twist-drills-rotary-tool-p-181936.html,$6.74 ,$4.43
G-1600 Apedra 2.4Ghz Wireless Silent Mouse HHIHE-569888,https://www.tinydeal.com/g-1600-apedra-24ghz-wireless-silent-mouse-p-181898.html,$12.35 ,$6.25
